<transitions>
    <NameTransition>
        <OldName>delread2~~</OldName>
        <new>
            <NewName>delay/read interp</NewName>
        </new>
    </NameTransition>
    <NameTransition>
        <OldName>envad</OldName>
        <new>
            <NewName>env/ad</NewName>
        </new>
    </NameTransition>
    <NameTransition>
        <OldName>ctlini</OldName>
        <new>
            <NewName>midi/in/cc i</NewName>
        </new>
    </NameTransition>
    <NameTransition>
        <OldName>hpfsvf</OldName>
        <new>
            <NewName>kfilter/hp svf</NewName>
        </new>
    </NameTransition>
    <NameTransition>
        <OldName>integratorleaky</OldName>
        <new>
            <NewName>filter/integrator leaky</NewName>
        </new>
    </NameTransition>
    <NameTransition>
        <OldName>softsat</OldName>
        <new>
            <NewName>dist/soft</NewName>
        </new>
    </NameTransition>
    <NameTransition>
        <OldName>select_bool_16_v2x2</OldName>
        <new>
            <NewName>sel/sel b 16 x2</NewName>
        </new>
    </NameTransition>
    <NameTransition>
        <OldName>envhd2~</OldName>
        <new>
            <NewName>pulse/hd m</NewName>
        </new>
    </NameTransition>
    <NameTransition>
        <OldName>bendin</OldName>
        <new>
            <NewName>midi/in/bend</NewName>
        </new>
    </NameTransition>
    <NameTransition>
        <OldName>delread~</OldName>
        <new>
            <NewName>delay/read</NewName>
        </new>
    </NameTransition>
    <NameTransition>
        <OldName>pnoise2</OldName>
        <new>
            <NewName>rand/pink oct</NewName>
        </new>
    </NameTransition>
    <NameTransition>
        <OldName>select_bool_16_v2x4</OldName>
        <new>
            <NewName>sel/sel b 16 4t</NewName>
        </new>
    </NameTransition>
    <NameTransition>
        <OldName>*</OldName>
        <new>
            <NewName>math/*</NewName>
        </new>
    </NameTransition>
    <NameTransition>
        <OldName>+</OldName>
        <new>
            <NewName>math/+</NewName>
        </new>
    </NameTransition>
    <NameTransition>
        <OldName>vocoder24v1</OldName>
        <new>
            <NewName>unstable/spectral/vocoder 24</NewName>
        </new>
    </NameTransition>
    <NameTransition>
        <OldName>log</OldName>
        <new>
            <NewName>math/log</NewName>
        </new>
    </NameTransition>
    <NameTransition>
        <OldName>envd2</OldName>
        <new>
            <NewName>env/d m</NewName>
        </new>
    </NameTransition>
    <NameTransition>
        <OldName>select_f_16</OldName>
        <new>
            <NewName>sel/sel fp 16</NewName>
        </new>
    </NameTransition>
    <NameTransition>
        <OldName>digitalRead</OldName>
        <new>
            <NewName>gpio/in/digital</NewName>
        </new>
    </NameTransition>
    <NameTransition>
        <OldName>-</OldName>
        <new>
            <NewName>math/-</NewName>
        </new>
    </NameTransition>
    <NameTransition>
        <OldName>analogRead</OldName>
        <new>
            <NewName>gpio/in/analog</NewName>
        </new>
    </NameTransition>
    <NameTransition>
        <OldName>envahd</OldName>
        <new>
            <NewName>env/ahd</NewName>
        </new>
    </NameTransition>
    <NameTransition>
        <OldName>kscope_128u</OldName>
        <new>
            <NewName>disp/kscope 128 p</NewName>
        </new>
    </NameTransition>
    <NameTransition>
        <OldName>select_f_16b</OldName>
        <new>
            <NewName>sel/sel fp 16</NewName>
        </new>
    </NameTransition>
    <NameTransition>
        <OldName>kscope_128s</OldName>
        <new>
            <NewName>disp/kscope 128 b</NewName>
        </new>
    </NameTransition>
    <NameTransition>
        <OldName>dirac~</OldName>
        <new>
            <NewName>pulse/dirac</NewName>
        </new>
    </NameTransition>
    <NameTransition>
        <OldName>xfade</OldName>
        <new>
            <NewName>mix/xfade</NewName>
        </new>
    </NameTransition>
    <NameTransition>
        <OldName>muls16</OldName>
        <new>
            <NewName>math/muls 16</NewName>
        </new>
    </NameTransition>
    <NameTransition>
        <OldName>decode_bin</OldName>
        <new>
            <NewName>logic/decode/bin 8</NewName>
        </new>
    </NameTransition>
    <NameTransition>
        <OldName>outlet~</OldName>
        <new>
            <NewName>patch/outlet a</NewName>
        </new>
    </NameTransition>
    <NameTransition>
        <OldName>line2mx</OldName>
        <new>
            <NewName>env/line 2 m x</NewName>
        </new>
    </NameTransition>
    <NameTransition>
        <OldName>inlet_b</OldName>
        <new>
            <NewName>patch/inlet b</NewName>
        </new>
    </NameTransition>
    <NameTransition>
        <OldName>&gt;</OldName>
        <new>
            <NewName>math/&gt;</NewName>
        </new>
    </NameTransition>
    <NameTransition>
        <OldName>stringi</OldName>
        <new>
            <NewName>string/indexed</NewName>
        </new>
    </NameTransition>
    <NameTransition>
        <OldName>midiinscript</OldName>
        <new>
            <NewName>midi/in/script</NewName>
        </new>
    </NameTransition>
    <NameTransition>
        <OldName>div128</OldName>
        <new>
            <NewName>math/div 128</NewName>
        </new>
    </NameTransition>
    <NameTransition>
        <OldName>&lt;</OldName>
        <new>
            <NewName>math/&lt;</NewName>
        </new>
    </NameTransition>
    <NameTransition>
        <OldName>spi.begin</OldName>
        <new>
            <NewName>gpio/spi/config</NewName>
        </new>
    </NameTransition>
    <NameTransition>
        <OldName>mix7</OldName>
        <new>
            <NewName>mix/mix 7</NewName>
        </new>
    </NameTransition>
    <NameTransition>
        <OldName>mix6</OldName>
        <new>
            <NewName>mix/mix 6</NewName>
        </new>
    </NameTransition>
    <NameTransition>
        <OldName>inmux2</OldName>
        <new>
            <NewName>mux/mux 2</NewName>
        </new>
    </NameTransition>
    <NameTransition>
        <OldName>mix5</OldName>
        <new>
            <NewName>mix/mix 5</NewName>
        </new>
    </NameTransition>
    <NameTransition>
        <OldName>inlet_i</OldName>
        <new>
            <NewName>patch/inlet i</NewName>
        </new>
    </NameTransition>
    <NameTransition>
        <OldName>mix4</OldName>
        <new>
            <NewName>mix/mix 4</NewName>
        </new>
    </NameTransition>
    <NameTransition>
        <OldName>mix8</OldName>
        <new>
            <NewName>mix/mix 8</NewName>
        </new>
    </NameTransition>
    <NameTransition>
        <OldName>inmux8</OldName>
        <new>
            <NewName>mux/mux 8</NewName>
        </new>
    </NameTransition>
    <NameTransition>
        <OldName>kscope_128s_trig</OldName>
        <new>
            <NewName>disp/kscope 128 b trig</NewName>
        </new>
    </NameTransition>
    <NameTransition>
        <OldName>inmux7</OldName>
        <new>
            <NewName>mux/mux 7</NewName>
        </new>
    </NameTransition>
    <NameTransition>
        <OldName>vu</OldName>
        <new>
            <NewName>disp/vu</NewName>
        </new>
    </NameTransition>
    <NameTransition>
        <OldName>scope_128s_trig_v2</OldName>
        <new>
            <NewName>disp/scope 128 b trig</NewName>
        </new>
    </NameTransition>
    <NameTransition>
        <OldName>interp~</OldName>
        <new>
            <NewName>conv/interp</NewName>
        </new>
    </NameTransition>
    <NameTransition>
        <OldName>hpf~</OldName>
        <new>
            <NewName>filter/hp</NewName>
        </new>
    </NameTransition>
    <NameTransition>
        <OldName>inmux4</OldName>
        <new>
            <NewName>mux/mux 4</NewName>
        </new>
    </NameTransition>
    <NameTransition>
        <OldName>mix3</OldName>
        <new>
            <NewName>mix/mix 3</NewName>
        </new>
    </NameTransition>
    <NameTransition>
        <OldName>inmux3</OldName>
        <new>
            <NewName>mux/mux 3</NewName>
        </new>
    </NameTransition>
    <NameTransition>
        <OldName>mix2</OldName>
        <new>
            <NewName>mix/mix 2</NewName>
        </new>
    </NameTransition>
    <NameTransition>
        <OldName>inmux6</OldName>
        <new>
            <NewName>mux/mux 6</NewName>
        </new>
    </NameTransition>
    <NameTransition>
        <OldName>mix1</OldName>
        <new>
            <NewName>mix/mix 1</NewName>
        </new>
    </NameTransition>
    <NameTransition>
        <OldName>dispb</OldName>
        <new>
            <NewName>disp/bool</NewName>
        </new>
    </NameTransition>
    <NameTransition>
        <OldName>inmux5</OldName>
        <new>
            <NewName>mux/mux 5</NewName>
        </new>
    </NameTransition>
    <NameTransition>
        <OldName>select_fs_16b</OldName>
        <new>
            <NewName>sel/sel fb 16</NewName>
        </new>
    </NameTransition>
    <NameTransition>
        <OldName>line2x</OldName>
        <new>
            <NewName>env/line 2 x</NewName>
        </new>
    </NameTransition>
    <NameTransition>
        <OldName>select_bool_16_v2</OldName>
        <new>
            <NewName>sel/sel b 16</NewName>
        </new>
    </NameTransition>
    <NameTransition>
        <OldName>schmitttrigger~</OldName>
        <new>
            <NewName>dist/schmitttrigger</NewName>
        </new>
    </NameTransition>
    <NameTransition>
        <OldName>tabrecord~</OldName>
        <new>
            <NewName>table/record</NewName>
        </new>
    </NameTransition>
    <NameTransition>
        <OldName>lpfsvf</OldName>
        <new>
            <NewName>kfilter/lp svf</NewName>
        </new>
    </NameTransition>
    <NameTransition>
        <OldName>and2</OldName>
        <new>
            <NewName>logic/and 2</NewName>
        </new>
    </NameTransition>
    <NameTransition>
        <OldName>led1</OldName>
        <new>
            <NewName>gpio/out/led1</NewName>
        </new>
    </NameTransition>
    <NameTransition>
        <OldName>displayUvbar</OldName>
        <new>
            <NewName>disp/vbar</NewName>
        </new>
    </NameTransition>
    <NameTransition>
        <OldName>max</OldName>
        <new>
            <NewName>math/max</NewName>
        </new>
    </NameTransition>
    <NameTransition>
        <OldName>ctlout</OldName>
        <new>
            <NewName>midi/out/cc</NewName>
        </new>
    </NameTransition>
    <NameTransition>
        <OldName>muls32</OldName>
        <new>
            <NewName>math/muls 32</NewName>
        </new>
    </NameTransition>
    <NameTransition>
        <OldName>c</OldName>
        <new>
            <NewName>ctrl/dial p</NewName>
        </new>
    </NameTransition>
    <NameTransition>
        <OldName>bipolar2unipolar</OldName>
        <new>
            <NewName>conv/bipolar2unipolar</NewName>
        </new>
    </NameTransition>
    <NameTransition>
        <OldName>touchin</OldName>
        <new>
            <NewName>midi/in/touch</NewName>
        </new>
    </NameTransition>
    <NameTransition>
        <OldName>sqrt</OldName>
        <new>
            <NewName>math/sqrt</NewName>
        </new>
    </NameTransition>
    <NameTransition>
        <OldName>changespeedlim</OldName>
        <new>
            <NewName>logic/change speedlim</NewName>
        </new>
    </NameTransition>
    <NameTransition>
        <OldName>serial.begin</OldName>
        <new>
            <NewName>gpio/serial/config</NewName>
        </new>
    </NameTransition>
    <NameTransition>
        <OldName>recv_i</OldName>
        <new>
            <NewName>patch/recv i</NewName>
        </new>
    </NameTransition>
    <NameTransition>
        <OldName>i</OldName>
        <new>
            <NewName>ctrl/i</NewName>
        </new>
    </NameTransition>
    <NameTransition>
        <OldName>flashwaveread2~~</OldName>
        <new>
            <NewName>wave/flashread2~~</NewName>
        </new>
    </NameTransition>
    <NameTransition>
        <OldName>keyb</OldName>
        <new>
            <NewName>midi/in/keyb</NewName>
        </new>
    </NameTransition>
    <NameTransition>
        <OldName>sin</OldName>
        <new>
            <NewName>math/sin</NewName>
        </new>
    </NameTransition>
    <NameTransition>
        <OldName>recv_b</OldName>
        <new>
            <NewName>patch/recv b</NewName>
        </new>
    </NameTransition>
    <NameTransition>
        <OldName>string</OldName>
        <new>
            <NewName>string/c</NewName>
        </new>
    </NameTransition>
    <NameTransition>
        <OldName>square~</OldName>
        <new>
            <NewName>osc/square</NewName>
        </new>
    </NameTransition>
    <NameTransition>
        <OldName>line3</OldName>
        <new>
            <NewName>env/line 3</NewName>
        </new>
    </NameTransition>
    <NameTransition>
        <OldName>line2</OldName>
        <new>
            <NewName>env/line 2</NewName>
        </new>
    </NameTransition>
    <NameTransition>
        <OldName>dac~</OldName>
        <new>
            <NewName>audio/out stereo</NewName>
        </new>
    </NameTransition>
    <NameTransition>
        <OldName>cos</OldName>
        <new>
            <NewName>math/cos</NewName>
        </new>
    </NameTransition>
    <NameTransition>
        <OldName>playwave2stereopoly</OldName>
        <new>
            <NewName>wave/play2 stereo poly</NewName>
        </new>
    </NameTransition>
    <NameTransition>
        <OldName>sawsync~</OldName>
        <new>
            <NewName>osc/saw sync</NewName>
        </new>
    </NameTransition>
    <NameTransition>
        <OldName>envahdlin</OldName>
        <new>
            <NewName>env/ahd lin</NewName>
        </new>
    </NameTransition>
    <NameTransition>
        <OldName>keybzone_lru</OldName>
        <new>
            <NewName>midi/in/keyb zone lru</NewName>
        </new>
    </NameTransition>
    <NameTransition>
        <OldName>half</OldName>
        <new>
            <NewName>math/half</NewName>
        </new>
    </NameTransition>
    <NameTransition>
        <OldName>round</OldName>
        <new>
            <NewName>math/round</NewName>
        </new>
    </NameTransition>
    <NameTransition>
        <OldName>randtrigi</OldName>
        <new>
            <NewName>rand/uniform i</NewName>
        </new>
    </NameTransition>
    <NameTransition>
        <OldName>lfsrburst9~</OldName>
        <new>
            <NewName>pulse/lfsrburst 9</NewName>
        </new>
    </NameTransition>
    <NameTransition>
        <OldName>lfsrburst7bp~</OldName>
        <new>
            <NewName>pulse/lfsrburst 7 b</NewName>
        </new>
    </NameTransition>
    <NameTransition>
        <OldName>lfsr~</OldName>
        <new>
            <NewName>other/lfsr~</NewName>
        </new>
    </NameTransition>
    <NameTransition>
        <OldName>osc0~</OldName>
        <new>
            <NewName>osc/sine lin</NewName>
        </new>
    </NameTransition>
    <NameTransition>
        <OldName>squaresync~</OldName>
        <new>
            <NewName>osc/square sync</NewName>
        </new>
    </NameTransition>
    <NameTransition>
        <OldName>vca~</OldName>
        <new>
            <NewName>gain/vca</NewName>
        </new>
    </NameTransition>
    <NameTransition>
        <OldName>div64</OldName>
        <new>
            <NewName>math/div 64</NewName>
        </new>
    </NameTransition>
    <NameTransition>
        <OldName>phasor3~</OldName>
        <new>
            <NewName>osc/phasor</NewName>
        </new>
    </NameTransition>
    <NameTransition>
        <OldName>inlet</OldName>
        <new>
            <NewName>patch/inlet f</NewName>
        </new>
    </NameTransition>
    <NameTransition>
        <OldName>ctlout_any</OldName>
        <new>
            <NewName>midi/out/cc any</NewName>
        </new>
    </NameTransition>
    <NameTransition>
        <OldName>rand~</OldName>
        <new>
            <NewName>noise/uniform</NewName>
        </new>
    </NameTransition>
    <NameTransition>
        <OldName>hpfsvf~</OldName>
        <new>
            <NewName>filter/hp svf</NewName>
        </new>
    </NameTransition>
    <NameTransition>
        <OldName>cb1</OldName>
        <new>
            <NewName>ctrl/toggle</NewName>
        </new>
    </NameTransition>
    <NameTransition>
        <OldName>reciprocal</OldName>
        <new>
            <NewName>math/reciprocal</NewName>
        </new>
    </NameTransition>
    <NameTransition>
        <OldName>line3mx</OldName>
        <new>
            <NewName>env/line 3 m x</NewName>
        </new>
    </NameTransition>
    <NameTransition>
        <OldName>double</OldName>
        <new>
            <NewName>math/double</NewName>
        </new>
    </NameTransition>
    <NameTransition>
        <OldName>lowpass</OldName>
        <new>
            <NewName>kfilter/lowpass</NewName>
        </new>
    </NameTransition>
    <NameTransition>
        <OldName>lfsrburst4bp~</OldName>
        <new>
            <NewName>pulse/lfsrburst 4 b</NewName>
        </new>
    </NameTransition>
    <NameTransition>
        <OldName>infclip~</OldName>
        <new>
            <NewName>dist/inf</NewName>
        </new>
    </NameTransition>
    <NameTransition>
        <OldName>bitxor</OldName>
        <new>
            <NewName>math/bitxor</NewName>
        </new>
    </NameTransition>
    <NameTransition>
        <OldName>lfsrburst5bp~</OldName>
        <new>
            <NewName>pulse/lfsrburst 5 b</NewName>
        </new>
    </NameTransition>
    <NameTransition>
        <OldName>c16</OldName>
        <new>
            <NewName>math/c 16</NewName>
        </new>
    </NameTransition>
    <NameTransition>
        <OldName>pwm~</OldName>
        <new>
            <NewName>osc/pwm</NewName>
        </new>
    </NameTransition>
    <NameTransition>
        <OldName>ibar16</OldName>
        <new>
            <NewName>disp/ibar 16</NewName>
        </new>
    </NameTransition>
    <NameTransition>
        <OldName>line3x</OldName>
        <new>
            <NewName>env/line 3 x</NewName>
        </new>
    </NameTransition>
    <NameTransition>
        <OldName>lpfm~</OldName>
        <new>
            <NewName>filter/lp m</NewName>
        </new>
    </NameTransition>
    <NameTransition>
        <OldName>lfsrseq</OldName>
        <new>
            <NewName>seq/lfsrseq</NewName>
        </new>
    </NameTransition>
    <NameTransition>
        <OldName>hipassm~</OldName>
        <new>
            <NewName>filter/hp1 m</NewName>
        </new>
    </NameTransition>
    <NameTransition>
        <OldName>div256</OldName>
        <new>
            <NewName>math/div 256</NewName>
        </new>
    </NameTransition>
    <NameTransition>
        <OldName>envdlin</OldName>
        <new>
            <NewName>env/d lin</NewName>
        </new>
    </NameTransition>
    <NameTransition>
        <OldName>recwave</OldName>
        <new>
            <NewName>unstable/wave/record</NewName>
        </new>
    </NameTransition>
    <NameTransition>
        <OldName>selectc16</OldName>
        <new>
            <NewName>sel/sel dial 16</NewName>
        </new>
    </NameTransition>
    <NameTransition>
        <OldName>envhdlin</OldName>
        <new>
            <NewName>env/hd lin</NewName>
        </new>
    </NameTransition>
    <NameTransition>
        <OldName>gnoise~</OldName>
        <new>
            <NewName>noise/gaussian</NewName>
        </new>
    </NameTransition>
    <NameTransition>
        <OldName>dacconfig</OldName>
        <new>
            <NewName>audio/outconfig</NewName>
        </new>
    </NameTransition>
    <NameTransition>
        <OldName>bpf~</OldName>
        <new>
            <NewName>filter/bp</NewName>
        </new>
    </NameTransition>
    <NameTransition>
        <OldName>tabplay2~</OldName>
        <new>
            <NewName>table/play2</NewName>
        </new>
    </NameTransition>
    <NameTransition>
        <OldName>ramtable32slider16</OldName>
        <new>
            <NewName>table/allocate 32b 16sliders</NewName>
        </new>
    </NameTransition>
    <NameTransition>
        <OldName>pwmout_t4_servo</OldName>
        <new>
            <NewName>gpio/out/pwm t4 servo</NewName>
        </new>
    </NameTransition>
    <NameTransition>
        <OldName>envdlinx</OldName>
        <new>
            <NewName>env/d lin x</NewName>
        </new>
    </NameTransition>
    <NameTransition>
        <OldName>bpfm~</OldName>
        <new>
            <NewName>filter/bp m</NewName>
        </new>
    </NameTransition>
    <NameTransition>
        <OldName>playwave2stereo</OldName>
        <new>
            <NewName>wave/play2 stereo</NewName>
        </new>
    </NameTransition>
    <NameTransition>
        <OldName>button1</OldName>
        <new>
            <NewName>gpio/in/button1</NewName>
        </new>
    </NameTransition>
    <NameTransition>
        <OldName>clockgen</OldName>
        <new>
            <NewName>midi/out/clock</NewName>
        </new>
    </NameTransition>
    <NameTransition>
        <OldName>bitor</OldName>
        <new>
            <NewName>math/bitor</NewName>
        </new>
    </NameTransition>
    <NameTransition>
        <OldName>adc~2</OldName>
        <new>
            <NewName>audio/in right</NewName>
        </new>
    </NameTransition>
    <NameTransition>
        <OldName>adc~1</OldName>
        <new>
            <NewName>audio/in left</NewName>
        </new>
    </NameTransition>
    <NameTransition>
        <OldName>tabread</OldName>
        <new>
            <NewName>table/read</NewName>
        </new>
    </NameTransition>
    <NameTransition>
        <OldName>cbp</OldName>
        <new>
            <NewName>ctrl/dial b</NewName>
        </new>
    </NameTransition>
    <NameTransition>
        <OldName>hipass~</OldName>
        <new>
            <NewName>filter/hp1</NewName>
        </new>
    </NameTransition>
    <NameTransition>
        <OldName>c4</OldName>
        <new>
            <NewName>math/c 4</NewName>
        </new>
    </NameTransition>
    <NameTransition>
        <OldName>lfsrburst8bp~</OldName>
        <new>
            <NewName>pulse/lfsrburst 8 b</NewName>
        </new>
    </NameTransition>
    <NameTransition>
        <OldName>c8</OldName>
        <new>
            <NewName>math/c 8</NewName>
        </new>
    </NameTransition>
    <NameTransition>
        <OldName>pan</OldName>
        <new>
            <NewName>spat/pan</NewName>
        </new>
    </NameTransition>
    <NameTransition>
        <OldName>pnoise</OldName>
        <new>
            <NewName>rand/pink</NewName>
        </new>
    </NameTransition>
    <NameTransition>
        <OldName>kscope_128u_trig</OldName>
        <new>
            <NewName>disp/kscope 128 p trig</NewName>
        </new>
    </NameTransition>
    <NameTransition>
        <OldName>mixl8</OldName>
        <new>
            <NewName>mix/mix 8 g</NewName>
        </new>
    </NameTransition>
    <NameTransition>
        <OldName>c1</OldName>
        <new>
            <NewName>math/c 1</NewName>
        </new>
    </NameTransition>
    <NameTransition>
        <OldName>c2</OldName>
        <new>
            <NewName>math/c 2</NewName>
        </new>
    </NameTransition>
    <NameTransition>
        <OldName>ctlin</OldName>
        <new>
            <NewName>midi/in/cc</NewName>
        </new>
    </NameTransition>
    <NameTransition>
        <OldName>panm</OldName>
        <new>
            <NewName>spat/pan m</NewName>
        </new>
    </NameTransition>
    <NameTransition>
        <OldName>randtrig</OldName>
        <new>
            <NewName>rand/uniform f trig</NewName>
        </new>
    </NameTransition>
    <NameTransition>
        <OldName>mixl1</OldName>
        <new>
            <NewName>mix/mix 1 g</NewName>
        </new>
    </NameTransition>
    <NameTransition>
        <OldName>slew</OldName>
        <new>
            <NewName>dist/slew</NewName>
        </new>
    </NameTransition>
    <NameTransition>
        <OldName>lfsrburst9bp~</OldName>
        <new>
            <NewName>pulse/lfsrburst 9 b</NewName>
        </new>
    </NameTransition>
    <NameTransition>
        <OldName>mixl3</OldName>
        <new>
            <NewName>mix/mix 3 g</NewName>
        </new>
    </NameTransition>
    <NameTransition>
        <OldName>mixl2</OldName>
        <new>
            <NewName>mix/mix 2 g</NewName>
        </new>
    </NameTransition>
    <NameTransition>
        <OldName>mixl5</OldName>
        <new>
            <NewName>mix/mix 5 g</NewName>
        </new>
    </NameTransition>
    <NameTransition>
        <OldName>mtof</OldName>
        <new>
            <NewName>conv/mtof</NewName>
        </new>
    </NameTransition>
    <NameTransition>
        <OldName>mixl4</OldName>
        <new>
            <NewName>mix/mix 4 g</NewName>
        </new>
    </NameTransition>
    <NameTransition>
        <OldName>mixl7</OldName>
        <new>
            <NewName>mix/mix 7 g</NewName>
        </new>
    </NameTransition>
    <NameTransition>
        <OldName>phasor0~</OldName>
        <new>
            <NewName>osc/phasor lin</NewName>
        </new>
    </NameTransition>
    <NameTransition>
        <OldName>mixl6</OldName>
        <new>
            <NewName>mix/mix 6 g</NewName>
        </new>
    </NameTransition>
    <NameTransition>
        <OldName>digitalWrite</OldName>
        <new>
            <NewName>gpio/out/digital</NewName>
        </new>
    </NameTransition>
    <NameTransition>
        <OldName>bitand</OldName>
        <new>
            <NewName>math/bitand</NewName>
        </new>
    </NameTransition>
    <NameTransition>
        <OldName>or2</OldName>
        <new>
            <NewName>logic/or 2</NewName>
        </new>
    </NameTransition>
    <NameTransition>
        <OldName>lfsrburst6bp~</OldName>
        <new>
            <NewName>pulse/lfsrburst 6 b</NewName>
        </new>
    </NameTransition>
    <NameTransition>
        <OldName>decode_int</OldName>
        <new>
            <NewName>logic/decode/int 8</NewName>
        </new>
    </NameTransition>
    <NameTransition>
        <OldName>envahd~</OldName>
        <new>
            <NewName>pulse/ahd</NewName>
        </new>
    </NameTransition>
    <NameTransition>
        <OldName>lfsrburst5~</OldName>
        <new>
            <NewName>pulse/lfsrburst 5</NewName>
        </new>
    </NameTransition>
    <NameTransition>
        <OldName>osc0</OldName>
        <new>
            <NewName>lfo/sine lin</NewName>
        </new>
    </NameTransition>
    <NameTransition>
        <OldName>ctlini_any</OldName>
        <new>
            <NewName>midi/in/cc i any</NewName>
        </new>
    </NameTransition>
    <NameTransition>
        <OldName>abs</OldName>
        <new>
            <NewName>math/abs</NewName>
        </new>
    </NameTransition>
    <NameTransition>
        <OldName>allpass</OldName>
        <new>
            <NewName>filter/allpass</NewName>
        </new>
    </NameTransition>
    <NameTransition>
        <OldName>rand</OldName>
        <new>
            <NewName>rand/uniform f</NewName>
        </new>
    </NameTransition>
    <NameTransition>
        <OldName>keybnote</OldName>
        <new>
            <NewName>midi/in/keyb note</NewName>
        </new>
    </NameTransition>
    <NameTransition>
        <OldName>line2bp</OldName>
        <new>
            <NewName>env/line 2 bp</NewName>
        </new>
    </NameTransition>
    <NameTransition>
        <OldName>lowpassm~</OldName>
        <new>
            <NewName>filter/lp1 m</NewName>
        </new>
    </NameTransition>
    <NameTransition>
        <OldName>bpfsvf</OldName>
        <new>
            <NewName>kfilter/bp svf</NewName>
        </new>
    </NameTransition>
    <NameTransition>
        <OldName>*c</OldName>
        <new>
            <NewName>math/*c</NewName>
        </new>
    </NameTransition>
    <NameTransition>
        <OldName>c64</OldName>
        <new>
            <NewName>math/c 64</NewName>
        </new>
    </NameTransition>
    <NameTransition>
        <OldName>lpfsvf~</OldName>
        <new>
            <NewName>filter/lp svf</NewName>
        </new>
    </NameTransition>
    <NameTransition>
        <OldName>outlet_b</OldName>
        <new>
            <NewName>patch/outlet b</NewName>
        </new>
    </NameTransition>
    <NameTransition>
        <OldName>samplehold~</OldName>
        <new>
            <NewName>dist/samplehold~</NewName>
        </new>
    </NameTransition>
    <NameTransition>
        <OldName>loadtable</OldName>
        <new>
            <NewName>table/load</NewName>
        </new>
    </NameTransition>
    <NameTransition>
        <OldName>envahdlinmx</OldName>
        <new>
            <NewName>env/ahd lin m x</NewName>
        </new>
    </NameTransition>
    <NameTransition>
        <OldName>outlet_i</OldName>
        <new>
            <NewName>patch/outlet i</NewName>
        </new>
    </NameTransition>
    <NameTransition>
        <OldName>pwmout_t4</OldName>
        <new>
            <NewName>gpio/out/pwm t4</NewName>
        </new>
    </NameTransition>
    <NameTransition>
        <OldName>lfsrburst6~</OldName>
        <new>
            <NewName>pulse/lfsrburst 6</NewName>
        </new>
    </NameTransition>
    <NameTransition>
        <OldName>pwmout_t3</OldName>
        <new>
            <NewName>gpio/out/pwm t3</NewName>
        </new>
    </NameTransition>
    <NameTransition>
        <OldName>nointerp~</OldName>
        <new>
            <NewName>conv/nointerp</NewName>
        </new>
    </NameTransition>
    <NameTransition>
        <OldName>envdlinmx</OldName>
        <new>
            <NewName>env/d lin m x</NewName>
        </new>
    </NameTransition>
    <NameTransition>
        <OldName>envd2~</OldName>
        <new>
            <NewName>pulse/d m</NewName>
        </new>
    </NameTransition>
    <NameTransition>
        <OldName>sat</OldName>
        <new>
            <NewName>math/sat</NewName>
        </new>
    </NameTransition>
    <NameTransition>
        <OldName>playwave2</OldName>
        <new>
            <NewName>wave/play2</NewName>
        </new>
    </NameTransition>
    <NameTransition>
        <OldName>+1</OldName>
        <new>
            <NewName>math/+1</NewName>
        </new>
    </NameTransition>
    <NameTransition>
        <OldName>bpfsvf~</OldName>
        <new>
            <NewName>filter/bp svf</NewName>
        </new>
    </NameTransition>
    <NameTransition>
        <OldName>saw</OldName>
        <new>
            <NewName>lfo/saw lin</NewName>
        </new>
    </NameTransition>
    <NameTransition>
        <OldName>select_bool_16</OldName>
        <new>
            <NewName>sel/sel b 16 old</NewName>
        </new>
    </NameTransition>
    <NameTransition>
        <OldName>bendout</OldName>
        <new>
            <NewName>midi/out/bend</NewName>
        </new>
    </NameTransition>
    <NameTransition>
        <OldName>flashwaveplay~</OldName>
        <new>
            <NewName>wave/flashplay</NewName>
        </new>
    </NameTransition>
    <NameTransition>
        <OldName>pwmout_t8</OldName>
        <new>
            <NewName>gpio/out/pwm t8</NewName>
        </new>
    </NameTransition>
    <NameTransition>
        <OldName>div32</OldName>
        <new>
            <NewName>math/div 32</NewName>
        </new>
    </NameTransition>
    <NameTransition>
        <OldName>ramtable32</OldName>
        <new>
            <NewName>table/alloc 32b</NewName>
        </new>
    </NameTransition>
    <NameTransition>
        <OldName>pwmout_t5</OldName>
        <new>
            <NewName>gpio/out/pwm t5</NewName>
        </new>
    </NameTransition>
    <NameTransition>
        <OldName>c32</OldName>
        <new>
            <NewName>math/c 32</NewName>
        </new>
    </NameTransition>
    <NameTransition>
        <OldName>lpf~</OldName>
        <new>
            <NewName>filter/lp</NewName>
        </new>
    </NameTransition>
    <NameTransition>
        <OldName>saw~</OldName>
        <new>
            <NewName>osc/saw</NewName>
        </new>
    </NameTransition>
    <NameTransition>
        <OldName>clockin</OldName>
        <new>
            <NewName>midi/in/clock</NewName>
        </new>
    </NameTransition>
    <NameTransition>
        <OldName>envahd2</OldName>
        <new>
            <NewName>env/ahd m</NewName>
        </new>
    </NameTransition>
    <NameTransition>
        <OldName>noteout</OldName>
        <new>
            <NewName>midi/out/note</NewName>
        </new>
    </NameTransition>
    <NameTransition>
        <OldName>hpfm~</OldName>
        <new>
            <NewName>filter/hp m</NewName>
        </new>
    </NameTransition>
    <NameTransition>
        <OldName>ibar64</OldName>
        <new>
            <NewName>disp/ibar 64</NewName>
        </new>
    </NameTransition>
    <NameTransition>
        <OldName>envhd</OldName>
        <new>
            <NewName>env/hd</NewName>
        </new>
    </NameTransition>
    <NameTransition>
        <OldName>xor2</OldName>
        <new>
            <NewName>logic/xor 2</NewName>
        </new>
    </NameTransition>
    <NameTransition>
        <OldName>tabrecord2~</OldName>
        <new>
            <NewName>table/record2</NewName>
        </new>
    </NameTransition>
    <NameTransition>
        <OldName>divremc</OldName>
        <new>
            <NewName>math/divremc</NewName>
        </new>
    </NameTransition>
    <NameTransition>
        <OldName>tabplay~</OldName>
        <new>
            <NewName>table/play</NewName>
        </new>
    </NameTransition>
    <NameTransition>
        <OldName>keybzone</OldName>
        <new>
            <NewName>midi/in/keyb zone</NewName>
        </new>
    </NameTransition>
    <NameTransition>
        <OldName>delread~~</OldName>
        <new>
            <NewName>delay/read</NewName>
        </new>
    </NameTransition>
    <NameTransition>
        <OldName>lowpass~</OldName>
        <new>
            <NewName>filter/lp1</NewName>
        </new>
    </NameTransition>
    <NameTransition>
        <OldName>rfft128</OldName>
        <new>
            <NewName>spectral/rfft 128</NewName>
        </new>
    </NameTransition>
    <NameTransition>
        <OldName>lfsrburst7~</OldName>
        <new>
            <NewName>pulse/lfsrburst 7</NewName>
        </new>
    </NameTransition>
    <NameTransition>
        <OldName>osc</OldName>
        <new>
            <NewName>lfo/sine</NewName>
        </new>
    </NameTransition>
    <NameTransition>
        <OldName>osc~</OldName>
        <new>
            <NewName>osc/sine</NewName>
        </new>
    </NameTransition>
    <NameTransition>
        <OldName>disphex</OldName>
        <new>
            <NewName>disp/hex</NewName>
        </new>
    </NameTransition>
    <NameTransition>
        <OldName>delwrite~</OldName>
        <new>
            <NewName>delay/write</NewName>
        </new>
    </NameTransition>
    <NameTransition>
        <OldName>fdbkcomb</OldName>
        <new>
            <NewName>filter/fdbkcomb</NewName>
        </new>
    </NameTransition>
    <NameTransition>
        <OldName>ramtable16</OldName>
        <new>
            <NewName>table/alloc 16b</NewName>
        </new>
    </NameTransition>
    <NameTransition>
        <OldName>min</OldName>
        <new>
            <NewName>math/min</NewName>
        </new>
    </NameTransition>
    <NameTransition>
        <OldName>lpfsvf2~</OldName>
        <new>
            <NewName>filter/lp svf</NewName>
        </new>
    </NameTransition>
    <NameTransition>
        <OldName>playwave</OldName>
        <new>
            <NewName>wave/play</NewName>
        </new>
    </NameTransition>
    <NameTransition>
        <OldName>muls64</OldName>
        <new>
            <NewName>math/muls 64</NewName>
        </new>
    </NameTransition>
    <NameTransition>
        <OldName>selectc2</OldName>
        <new>
            <NewName>sel/sel dial 2</NewName>
        </new>
    </NameTransition>
    <NameTransition>
        <OldName>xfade~</OldName>
        <new>
            <NewName>mix/xfade~</NewName>
        </new>
    </NameTransition>
    <NameTransition>
        <OldName>adcconfig</OldName>
        <new>
            <NewName>audio/inconfig</NewName>
        </new>
    </NameTransition>
    <NameTransition>
        <OldName>envahdlinx</OldName>
        <new>
            <NewName>env/ahd lin x</NewName>
        </new>
    </NameTransition>
    <NameTransition>
        <OldName>selectc4</OldName>
        <new>
            <NewName>sel/sel dial 4</NewName>
        </new>
    </NameTransition>
    <NameTransition>
        <OldName>savetable</OldName>
        <new>
            <NewName>table/save</NewName>
        </new>
    </NameTransition>
    <NameTransition>
        <OldName>ctlout2</OldName>
        <new>
            <NewName>midi/out/cc thin</NewName>
        </new>
    </NameTransition>
    <NameTransition>
        <OldName>selectc8</OldName>
        <new>
            <NewName>sel/sel dial 8</NewName>
        </new>
    </NameTransition>
    <NameTransition>
        <OldName>lfsrburst8~</OldName>
        <new>
            <NewName>pulse/lfsrburst 8</NewName>
        </new>
    </NameTransition>
    <NameTransition>
        <OldName>scopeS</OldName>
        <new>
            <NewName>disp/chart b</NewName>
        </new>
    </NameTransition>
    <NameTransition>
        <OldName>scope_128s_v2</OldName>
        <new>
            <NewName>disp/scope 128 b</NewName>
        </new>
    </NameTransition>
    <NameTransition>
        <OldName>-c</OldName>
        <new>
            <NewName>math/-c</NewName>
        </new>
    </NameTransition>
    <NameTransition>
        <OldName>send</OldName>
        <new>
            <NewName>patch/send f</NewName>
        </new>
    </NameTransition>
    <NameTransition>
        <OldName>outlet</OldName>
        <new>
            <NewName>patch/outlet f</NewName>
        </new>
    </NameTransition>
    <NameTransition>
        <OldName>midiqueuestate</OldName>
        <new>
            <NewName>midi/out/queuestate</NewName>
        </new>
    </NameTransition>
    <NameTransition>
        <OldName>cb16</OldName>
        <new>
            <NewName>ctrl/cb16</NewName>
        </new>
    </NameTransition>
    <NameTransition>
        <OldName>scopeU</OldName>
        <new>
            <NewName>disp/chart p</NewName>
        </new>
    </NameTransition>
    <NameTransition>
        <OldName>saw2</OldName>
        <new>
            <NewName>lfo/saw</NewName>
        </new>
    </NameTransition>
    <NameTransition>
        <OldName>&gt;c</OldName>
        <new>
            <NewName>math/&gt;c</NewName>
        </new>
    </NameTransition>
    <NameTransition>
        <OldName>env~</OldName>
        <new>
            <NewName>env/follower</NewName>
        </new>
    </NameTransition>
    <NameTransition>
        <OldName>tabread2</OldName>
        <new>
            <NewName>table/read interp</NewName>
        </new>
    </NameTransition>
    <NameTransition>
        <OldName>analog.write</OldName>
        <new>
            <NewName>gpio/out/analog</NewName>
        </new>
    </NameTransition>
    <NameTransition>
        <OldName>ctlin_any</OldName>
        <new>
            <NewName>midi/in/cc any</NewName>
        </new>
    </NameTransition>
    <NameTransition>
        <OldName>envahd2~</OldName>
        <new>
            <NewName>pulse/ahd m</NewName>
        </new>
    </NameTransition>
    <NameTransition>
        <OldName>echo2~</OldName>
        <new>
            <NewName>delay/echo fdbk mix</NewName>
        </new>
    </NameTransition>
    <NameTransition>
        <OldName>line3bp</OldName>
        <new>
            <NewName>env/line 3 bp</NewName>
        </new>
    </NameTransition>
    <NameTransition>
        <OldName>inlet~</OldName>
        <new>
            <NewName>patch/inlet a</NewName>
        </new>
    </NameTransition>
    <NameTransition>
        <OldName>adc~</OldName>
        <new>
            <NewName>audio/in stereo</NewName>
        </new>
    </NameTransition>
    <NameTransition>
        <OldName>sawdown2</OldName>
        <new>
            <NewName>lfo/saw down</NewName>
        </new>
    </NameTransition>
    <NameTransition>
        <OldName>envd~</OldName>
        <new>
            <NewName>pulse/d</NewName>
        </new>
    </NameTransition>
    <NameTransition>
        <OldName>recv</OldName>
        <new>
            <NewName>patch/recv f</NewName>
        </new>
    </NameTransition>
    <NameTransition>
        <OldName>phasor3q~</OldName>
        <new>
            <NewName>osc/phasor compl</NewName>
        </new>
    </NameTransition>
    <NameTransition>
        <OldName>analyzer24db2</OldName>
        <new>
            <NewName>spectral/analyzer 24</NewName>
        </new>
    </NameTransition>
    <NameTransition>
        <OldName>satp</OldName>
        <new>
            <NewName>math/satp</NewName>
        </new>
    </NameTransition>
    <NameTransition>
        <OldName>exp</OldName>
        <new>
            <NewName>math/exp</NewName>
        </new>
    </NameTransition>
    <NameTransition>
        <OldName>scope_1buffer</OldName>
        <new>
            <NewName>disp/scope buffer</NewName>
        </new>
    </NameTransition>
    <NameTransition>
        <OldName>envhdlinx</OldName>
        <new>
            <NewName>env/hd lin x</NewName>
        </new>
    </NameTransition>
    <NameTransition>
        <OldName>adcconfigmic</OldName>
        <new>
            <NewName>audio/inconfig mic</NewName>
        </new>
    </NameTransition>
    <NameTransition>
        <OldName>&gt;&gt;</OldName>
        <new>
            <NewName>math/&gt;&gt;</NewName>
        </new>
    </NameTransition>
    <NameTransition>
        <OldName>dispI</OldName>
        <new>
            <NewName>disp/i</NewName>
        </new>
    </NameTransition>
    <NameTransition>
        <OldName>cb1m</OldName>
        <new>
            <NewName>ctrl/button</NewName>
        </new>
    </NameTransition>
    <NameTransition>
        <OldName>inv</OldName>
        <new>
            <NewName>math/inv</NewName>
        </new>
    </NameTransition>
    <NameTransition>
        <OldName>envhd~</OldName>
        <new>
            <NewName>pulse/hd</NewName>
        </new>
    </NameTransition>
    <NameTransition>
        <OldName>flipflop_toggle</OldName>
        <new>
            <NewName>logic/flipflop toggle</NewName>
        </new>
    </NameTransition>
    <NameTransition>
        <OldName>echo1~</OldName>
        <new>
            <NewName>delay/echo fdbk</NewName>
        </new>
    </NameTransition>
    <NameTransition>
        <OldName>toFrac</OldName>
        <new>
            <NewName>conv/to f</NewName>
        </new>
    </NameTransition>
    <NameTransition>
        <OldName>envd</OldName>
        <new>
            <NewName>env/d</NewName>
        </new>
    </NameTransition>
    <NameTransition>
        <OldName>ramtable8</OldName>
        <new>
            <NewName>table/alloc 8b</NewName>
        </new>
    </NameTransition>
    <NameTransition>
        <OldName>toBool</OldName>
        <new>
            <NewName>conv/to b</NewName>
        </new>
    </NameTransition>
    <NameTransition>
        <OldName>tabwrite</OldName>
        <new>
            <NewName>table/write</NewName>
        </new>
    </NameTransition>
    <NameTransition>
        <OldName>+c</OldName>
        <new>
            <NewName>math/+c</NewName>
        </new>
    </NameTransition>
    <NameTransition>
        <OldName>i2c.begin</OldName>
        <new>
            <NewName>gpio/i2c/config</NewName>
        </new>
    </NameTransition>
    <NameTransition>
        <OldName>unipolar2bipolar</OldName>
        <new>
            <NewName>conv/unipolar2bipolar</NewName>
        </new>
    </NameTransition>
    <NameTransition>
        <OldName>muls128</OldName>
        <new>
            <NewName>math/muls 128</NewName>
        </new>
    </NameTransition>
    <NameTransition>
        <OldName>&lt;c</OldName>
        <new>
            <NewName>math/&lt;c</NewName>
        </new>
    </NameTransition>
    <NameTransition>
        <OldName>dac~1</OldName>
        <new>
            <NewName>audio/out left</NewName>
        </new>
    </NameTransition>
    <NameTransition>
        <OldName>==</OldName>
        <new>
            <NewName>math/==</NewName>
        </new>
    </NameTransition>
    <NameTransition>
        <OldName>dac~2</OldName>
        <new>
            <NewName>audio/out right</NewName>
        </new>
    </NameTransition>
    <NameTransition>
        <OldName>playwave3stereo</OldName>
        <new>
            <NewName>wave/play3 stereo</NewName>
        </new>
    </NameTransition>
    <NameTransition>
        <OldName>div8</OldName>
        <new>
            <NewName>math/div 8</NewName>
        </new>
    </NameTransition>
    <NameTransition>
        <OldName>echo0~</OldName>
        <new>
            <NewName>delay/echo</NewName>
        </new>
    </NameTransition>
    <NameTransition>
        <OldName>div4</OldName>
        <new>
            <NewName>math/div 4</NewName>
        </new>
    </NameTransition>
    <NameTransition>
        <OldName>div2</OldName>
        <new>
            <NewName>math/div 2</NewName>
        </new>
    </NameTransition>
    <NameTransition>
        <OldName>envhd2</OldName>
        <new>
            <NewName>env/hd m</NewName>
        </new>
    </NameTransition>
    <NameTransition>
        <OldName>lfsrburst4~</OldName>
        <new>
            <NewName>pulse/lfsrburst 4</NewName>
        </new>
    </NameTransition>
    <NameTransition>
        <OldName>send_i</OldName>
        <new>
            <NewName>patch/send i</NewName>
        </new>
    </NameTransition>
    <NameTransition>
        <OldName>pnoise~</OldName>
        <new>
            <NewName>noise/pink</NewName>
        </new>
    </NameTransition>
    <NameTransition>
        <OldName>muls256</OldName>
        <new>
            <NewName>math/muls 256</NewName>
        </new>
    </NameTransition>
    <NameTransition>
        <OldName>sawdown</OldName>
        <new>
            <NewName>lfo/saw down lin</NewName>
        </new>
    </NameTransition>
    <NameTransition>
        <OldName>envhdlinmx</OldName>
        <new>
            <NewName>env/hd lin m x</NewName>
        </new>
    </NameTransition>
    <NameTransition>
        <OldName>bufferindex</OldName>
        <new>
            <NewName>other/bufferindex</NewName>
        </new>
    </NameTransition>
    <NameTransition>
        <OldName>displayU</OldName>
        <new>
            <NewName>disp/dial p</NewName>
        </new>
    </NameTransition>
    <NameTransition>
        <OldName>displayS</OldName>
        <new>
            <NewName>disp/dial b</NewName>
        </new>
    </NameTransition>
    <NameTransition>
        <OldName>-1</OldName>
        <new>
            <NewName>math/-1</NewName>
        </new>
    </NameTransition>
    <NameTransition>
        <OldName>div16</OldName>
        <new>
            <NewName>math/div 16</NewName>
        </new>
    </NameTransition>
    <NameTransition>
        <OldName>muls8</OldName>
        <new>
            <NewName>math/muls 8</NewName>
        </new>
    </NameTransition>
    <NameTransition>
        <OldName>&lt;&lt;</OldName>
        <new>
            <NewName>math/&lt;&lt;</NewName>
        </new>
    </NameTransition>
    <NameTransition>
        <OldName>muls4</OldName>
        <new>
            <NewName>math/muls 4</NewName>
        </new>
    </NameTransition>
    <NameTransition>
        <OldName>pnoise2~</OldName>
        <new>
            <NewName>noise/pink oct</NewName>
        </new>
    </NameTransition>
    <NameTransition>
        <OldName>muls2</OldName>
        <new>
            <NewName>math/muls 2</NewName>
        </new>
    </NameTransition>
    <NameTransition>
        <OldName>send_b</OldName>
        <new>
            <NewName>patch/send b</NewName>
        </new>
    </NameTransition>
    <NameTransition>
        <OldName>toInt</OldName>
        <new>
            <NewName>conv/to i</NewName>
        </new>
    </NameTransition>
    <NameTransition>
        <OldName>counter</OldName>
        <new>
            <NewName>logic/counter</NewName>
        </new>
    </NameTransition>
    <NameTransition>
        <OldName>scope_128s</OldName>
        <new>
            <NewName>disp/scope 128 b</NewName>
        </new>
    </NameTransition>
    <NameTransition>
        <OldName>vcf3~</OldName>
        <new>
            <NewName>filter/vcf3~</NewName>
        </new>
    </NameTransition>
    <NameTransition>
        <OldName>script</OldName>
        <new>
            <NewName>script/script</NewName>
        </new>
    </NameTransition>      
    <NameTransition>
        <OldName>script2</OldName>
        <new>
            <NewName>script/script2</NewName>
        </new>
    </NameTransition>
    <ShaTransition>
        <OldSha>1ea155bb99343babad87e3ff0de80e6bf568e8da</OldSha>
        <new>
            <NewSha>d72f5145b13ecb55e7f1d5435e7b048d12a4166e</NewSha>
        </new>
    </ShaTransition>
    <ShaTransition>
        <OldSha>d36ecbd55095f4888a0ebda8efda68e015c5e72b</OldSha>
        <new>
            <NewSha>3ade427ae7291fdf62058c4243fe718758187105</NewSha>
        </new>
    </ShaTransition>
    <ShaTransition>
        <OldSha>45ebafea67ca2fe0720654bb75664ba8a032a332</OldSha>
        <new>
            <NewSha>fdb6777505be0746768fb7e222fb1389c1e96554</NewSha>
        </new>
    </ShaTransition>	
	</transitions>